{
    "services": {
        "books": {
            "API_HU": "books",
            "protocol": "http",
            "host": "localhost",
            "port": 3001,
            "url": "http://localhost:3001/"
        },
        "movies": {
            "API_HU": "movies",
            "protocol": "http",
            "host": "localhost",
            "port": 3003,
            "url": "http://localhost:3003/"
        }
    },
    "auth": {
        "users": {
            "cp": {
                "username": "cp",
                "password": "cht2520"
            }
        }
    }
}
